insert into Employee (eid, ename, salary, did, classification)
values
	(12345, 'Maya', 15000, 1, 5),
	(23456, 'Ben', 17000, 1, 3),
	(34567, 'Dan', 11000, 2, 2),
	(45678, 'Orit', 10000, 1, 3),
	(56789, 'Eyal', 10000, 3, 5),
	(11111, 'Sasha', 10000, 1, 5),
	(22222, 'Alisa', 10000, 2, 5),
	(33333, 'Max', 10000, 3, 5);
	
insert into Department (did, dname, dfloor, head)
values (1, 'A', 3, 54321),
	(2, 'B', 3, 12345),
	(3, 'C', 4, 34567);
	
insert into Budget(did, byear, budget)
values
	(1, '2014', 250000),
	(1, '2015', 300000),
	(1, '2016', 10000),
	(1, '2017', 20000),
	(1, '2018', 250000),
	(1, '2019', 400000),
	(2, '2014', 300000),
	(2, '2015', 400000),
	(2, '2016', 1000000),
	(2, '2017', 2000000),
	(2, '2018', 50000),
	(2, '2019', 700000),
	(3, '2013', 700000),
	(3, '2014', 700000),
	(3, '2015', 700000),
	(3, '2019', 700000);
	

insert into Project (pid, pname , did, Budget, duedate)
values 
	(444, 'search',  1,  15000000, '30/8/2019'),
	(111, 'proj1' , 2 , 700000 , '15/9/2019'),
	(222, 'proj3' , 3 , 350000 ,' 1/1/2020'),
	(333, 'proj2' , 1 , 400000 , '25/10/2019'),
	(555, 'proj4' , 2 , 400000 , '25/10/2020'),
	(666, 'proj5' , 3 , 400000 , '25/10/2021'),
	(777, 'proj6' , 2 , 400000 , '25/10/2020');
	
insert into Onproject (pid, eid,fdate)
values
	(444, 23456, '15/7/2019'),
	(444, 34567, '15/7/2019'),
	(444, 45678, '10/7/2019'),
	(111, 12345, '1/7/2019'),
	(111, 56789, '1/7/2019'),
	(222, 23456, '1/7/2019'),
	(222, 34567, '2/7/2019'),
	(333, 23456, '25/6/2019'),
	(444, 11111, '29/8/2019'); -- This should fail the trigger check
